{"mean": [2.2406673106902946, 405380.42394302564, 9612235.735536944, 215399837.13145274, -850869514.5200527, 818611044.3600897, 321639929.9082891, -789911778.0565511, -356374979.5212982, 727199202.8331296, 604200618.8836701, -546180514.1353087, -872057284.4626617, 241717722.37783656, 1030654592.5372881, 55091338.883089356, -1057232473.5067981, -72097357.49825856, 1122446628.968342, -428038863.1181399, -987222253.7844439, 1643703106.6548975, -1318075705.8144424, 676054576.3141813, -236909584.95177284, 57785064.77167237, -9797278.542290509, 1138369.565446866, -88229.83037394527, 4382.820754565942, -133.4137423426088, 2.846066545188615, 0.0016344735232883554, 1843853465.1824605, -2000451077.6180768, -368092608.14355475, 280036637.4752902, 349959577.09155905, 240537290.591173, -12080355.478615537, -213567285.85541224, -145566914.53822133, 86483586.64024715, 158480061.9208087, -19474018.885650534, -151300306.49154347, -6278408.964675742, 157429886.6464902, 365774.1221627759, -174774965.05157962, 70238804.3752218, 153001832.83671895, -239599816.64567462, 176980126.76435083, -83824241.23585849, 27661231.97499604, -6536024.822008635, 1112349.5839369064, -135260.87679907944, 11556.493304563743, -681.1294014227593, 27.94465344187032, -0.9059706929432984, -0.005223353110369511], "scale": [8.136935332195874, 360748.1137612981, 1003606868.8701121, 3140863479.434443, 5408519097.397585, 3208076885.82552, 2000062876.2551396, 2253365478.994176, 1484938026.635689, 1496864153.034066, 1372064230.20405, 1082642040.731661, 1437325012.6301355, 1032440449.8281704, 1354541188.2000172, 982346889.8780736, 1601623458.3833048, 644640163.7724146, 2007227912.5267081, 838778634.6815089, 1972232028.4177117, 2399345080.622653, 2268212237.653832, 1324873043.3958812, 474563312.38346434, 109690916.2640257, 16803261.736809216, 1699562.321295809, 110338.26573006481, 4386.667441157365, 97.84371496644421, 1.2539303392222692, 0.005081784296673496, 74836969488.97165, 79498255931.91469, 20348285531.918507, 16518362872.27252, 16393502313.17268, 4617104736.465817, 3099845186.1569285, 4150732041.4481683, 1837131052.1220238, 408209748.3775758, 1075182804.1058261, 596545088.6719289, 314294578.75716156, 304290376.99938583, 364378630.54614514, 88419357.5025668, 378712821.89621127, 149003518.79503655, 326673853.1083283, 486625089.983317, 352778209.7008872, 164797177.29906595, 53741955.51685657, 12577510.987181734, 2132187.7698283377, 263238.1738455576, 23771.380243203643, 1564.1807376687782, 71.25288122793816, 1.9755667295446808, 0.022919617986342514]}