{"mean": [2925.6743566992013, 6.708873114463176, 0.13824631765749779, 51.37116237799468, 0.011028011291925467], "scale": [3246.9596505099735, 5.816827718835081, 0.09358148190371705, 15.622733099863463, 0.013006473841175509]}